{
  "best_metric": null,
  "best_model_checkpoint": null,
  "epoch": 0.8043434546551378,
  "global_step": 250,
  "is_hyper_param_search": false,
  "is_local_process_zero": true,
  "is_world_process_zero": true,
  "log_history": [
    {
      "epoch": 0.01,
      "learning_rate": 0.01984,
      "loss": 4.1626,
      "step": 2
    },
    {
      "epoch": 0.01,
      "learning_rate": 0.01968,
      "loss": 1.7683,
      "step": 4
    },
    {
      "epoch": 0.02,
      "learning_rate": 0.01952,
      "loss": 1.0005,
      "step": 6
    },
    {
      "epoch": 0.03,
      "learning_rate": 0.01936,
      "loss": 0.6742,
      "step": 8
    },
    {
      "epoch": 0.03,
      "learning_rate": 0.0192,
      "loss": 0.5986,
      "step": 10
    },
    {
      "epoch": 0.04,
      "learning_rate": 0.019039999999999998,
      "loss": 0.2148,
      "step": 12
    },
    {
      "epoch": 0.05,
      "learning_rate": 0.01888,
      "loss": 0.3174,
      "step": 14
    },
    {
      "epoch": 0.05,
      "learning_rate": 0.01872,
      "loss": 0.2958,
      "step": 16
    },
    {
      "epoch": 0.06,
      "learning_rate": 0.01856,
      "loss": 0.2513,
      "step": 18
    },
    {
      "epoch": 0.06,
      "learning_rate": 0.0184,
      "loss": 0.2816,
      "step": 20
    },
    {
      "epoch": 0.07,
      "learning_rate": 0.018240000000000003,
      "loss": 0.1483,
      "step": 22
    },
    {
      "epoch": 0.08,
      "learning_rate": 0.018080000000000002,
      "loss": 0.2289,
      "step": 24
    },
    {
      "epoch": 0.08,
      "learning_rate": 0.017920000000000002,
      "loss": 0.3978,
      "step": 26
    },
    {
      "epoch": 0.09,
      "learning_rate": 0.01776,
      "loss": 0.0628,
      "step": 28
    },
    {
      "epoch": 0.1,
      "learning_rate": 0.0176,
      "loss": 0.2034,
      "step": 30
    },
    {
      "epoch": 0.1,
      "learning_rate": 0.01744,
      "loss": 0.153,
      "step": 32
    },
    {
      "epoch": 0.11,
      "learning_rate": 0.01728,
      "loss": 0.0842,
      "step": 34
    },
    {
      "epoch": 0.12,
      "learning_rate": 0.01712,
      "loss": 0.1666,
      "step": 36
    },
    {
      "epoch": 0.12,
      "learning_rate": 0.01696,
      "loss": 0.1301,
      "step": 38
    },
    {
      "epoch": 0.13,
      "learning_rate": 0.0168,
      "loss": 0.0388,
      "step": 40
    },
    {
      "epoch": 0.14,
      "learning_rate": 0.01664,
      "loss": 0.1177,
      "step": 42
    },
    {
      "epoch": 0.14,
      "learning_rate": 0.016479999999999998,
      "loss": 0.0693,
      "step": 44
    },
    {
      "epoch": 0.15,
      "learning_rate": 0.016319999999999998,
      "loss": 0.1319,
      "step": 46
    },
    {
      "epoch": 0.15,
      "learning_rate": 0.01616,
      "loss": 0.0448,
      "step": 48
    },
    {
      "epoch": 0.16,
      "learning_rate": 0.016,
      "loss": 0.1145,
      "step": 50
    },
    {
      "epoch": 0.17,
      "learning_rate": 0.01584,
      "loss": 0.2468,
      "step": 52
    },
    {
      "epoch": 0.17,
      "learning_rate": 0.01568,
      "loss": 0.0949,
      "step": 54
    },
    {
      "epoch": 0.18,
      "learning_rate": 0.01552,
      "loss": 0.1648,
      "step": 56
    },
    {
      "epoch": 0.19,
      "learning_rate": 0.01536,
      "loss": 0.1033,
      "step": 58
    },
    {
      "epoch": 0.19,
      "learning_rate": 0.0152,
      "loss": 0.0808,
      "step": 60
    },
    {
      "epoch": 0.2,
      "learning_rate": 0.01504,
      "loss": 0.1179,
      "step": 62
    },
    {
      "epoch": 0.21,
      "learning_rate": 0.01488,
      "loss": 0.0686,
      "step": 64
    },
    {
      "epoch": 0.21,
      "learning_rate": 0.01472,
      "loss": 0.0966,
      "step": 66
    },
    {
      "epoch": 0.22,
      "learning_rate": 0.01456,
      "loss": 0.0793,
      "step": 68
    },
    {
      "epoch": 0.23,
      "learning_rate": 0.0144,
      "loss": 0.145,
      "step": 70
    },
    {
      "epoch": 0.23,
      "learning_rate": 0.01424,
      "loss": 0.0368,
      "step": 72
    },
    {
      "epoch": 0.24,
      "learning_rate": 0.014079999999999999,
      "loss": 0.1597,
      "step": 74
    },
    {
      "epoch": 0.24,
      "learning_rate": 0.01392,
      "loss": 0.1065,
      "step": 76
    },
    {
      "epoch": 0.25,
      "learning_rate": 0.01376,
      "loss": 0.1846,
      "step": 78
    },
    {
      "epoch": 0.26,
      "learning_rate": 0.013600000000000001,
      "loss": 0.2222,
      "step": 80
    },
    {
      "epoch": 0.26,
      "learning_rate": 0.01344,
      "loss": 0.0829,
      "step": 82
    },
    {
      "epoch": 0.27,
      "learning_rate": 0.01328,
      "loss": 0.0504,
      "step": 84
    },
    {
      "epoch": 0.28,
      "learning_rate": 0.013120000000000001,
      "loss": 0.0402,
      "step": 86
    },
    {
      "epoch": 0.28,
      "learning_rate": 0.012960000000000001,
      "loss": 0.154,
      "step": 88
    },
    {
      "epoch": 0.29,
      "learning_rate": 0.0128,
      "loss": 0.0615,
      "step": 90
    },
    {
      "epoch": 0.3,
      "learning_rate": 0.01264,
      "loss": 0.0874,
      "step": 92
    },
    {
      "epoch": 0.3,
      "learning_rate": 0.01248,
      "loss": 0.1827,
      "step": 94
    },
    {
      "epoch": 0.31,
      "learning_rate": 0.01232,
      "loss": 0.0601,
      "step": 96
    },
    {
      "epoch": 0.32,
      "learning_rate": 0.01216,
      "loss": 0.0421,
      "step": 98
    },
    {
      "epoch": 0.32,
      "learning_rate": 0.012,
      "loss": 0.0817,
      "step": 100
    },
    {
      "epoch": 0.33,
      "learning_rate": 0.01184,
      "loss": 0.0618,
      "step": 102
    },
    {
      "epoch": 0.33,
      "learning_rate": 0.01168,
      "loss": 0.1489,
      "step": 104
    },
    {
      "epoch": 0.34,
      "learning_rate": 0.011519999999999999,
      "loss": 0.0934,
      "step": 106
    },
    {
      "epoch": 0.35,
      "learning_rate": 0.011359999999999999,
      "loss": 0.0576,
      "step": 108
    },
    {
      "epoch": 0.35,
      "learning_rate": 0.011200000000000002,
      "loss": 0.0303,
      "step": 110
    },
    {
      "epoch": 0.36,
      "learning_rate": 0.011040000000000001,
      "loss": 0.1121,
      "step": 112
    },
    {
      "epoch": 0.37,
      "learning_rate": 0.01088,
      "loss": 0.1358,
      "step": 114
    },
    {
      "epoch": 0.37,
      "learning_rate": 0.01072,
      "loss": 0.0795,
      "step": 116
    },
    {
      "epoch": 0.38,
      "learning_rate": 0.01056,
      "loss": 0.0636,
      "step": 118
    },
    {
      "epoch": 0.39,
      "learning_rate": 0.010400000000000001,
      "loss": 0.0342,
      "step": 120
    },
    {
      "epoch": 0.39,
      "learning_rate": 0.01024,
      "loss": 0.0553,
      "step": 122
    },
    {
      "epoch": 0.4,
      "learning_rate": 0.01008,
      "loss": 0.1234,
      "step": 124
    },
    {
      "epoch": 0.41,
      "learning_rate": 0.00992,
      "loss": 0.0699,
      "step": 126
    },
    {
      "epoch": 0.41,
      "learning_rate": 0.00976,
      "loss": 0.0457,
      "step": 128
    },
    {
      "epoch": 0.42,
      "learning_rate": 0.0096,
      "loss": 0.0323,
      "step": 130
    },
    {
      "epoch": 0.42,
      "learning_rate": 0.00944,
      "loss": 0.0782,
      "step": 132
    },
    {
      "epoch": 0.43,
      "learning_rate": 0.00928,
      "loss": 0.0306,
      "step": 134
    },
    {
      "epoch": 0.44,
      "learning_rate": 0.009120000000000001,
      "loss": 0.0338,
      "step": 136
    },
    {
      "epoch": 0.44,
      "learning_rate": 0.008960000000000001,
      "loss": 0.0266,
      "step": 138
    },
    {
      "epoch": 0.45,
      "learning_rate": 0.0088,
      "loss": 0.0419,
      "step": 140
    },
    {
      "epoch": 0.46,
      "learning_rate": 0.00864,
      "loss": 0.0945,
      "step": 142
    },
    {
      "epoch": 0.46,
      "learning_rate": 0.00848,
      "loss": 0.0751,
      "step": 144
    },
    {
      "epoch": 0.47,
      "learning_rate": 0.00832,
      "loss": 0.1762,
      "step": 146
    },
    {
      "epoch": 0.48,
      "learning_rate": 0.008159999999999999,
      "loss": 0.0313,
      "step": 148
    },
    {
      "epoch": 0.48,
      "learning_rate": 0.008,
      "loss": 0.144,
      "step": 150
    },
    {
      "epoch": 0.49,
      "learning_rate": 0.00784,
      "loss": 0.0279,
      "step": 152
    },
    {
      "epoch": 0.5,
      "learning_rate": 0.00768,
      "loss": 0.0767,
      "step": 154
    },
    {
      "epoch": 0.5,
      "learning_rate": 0.00752,
      "loss": 0.03,
      "step": 156
    },
    {
      "epoch": 0.51,
      "learning_rate": 0.00736,
      "loss": 0.1226,
      "step": 158
    },
    {
      "epoch": 0.51,
      "learning_rate": 0.0072,
      "loss": 0.0505,
      "step": 160
    },
    {
      "epoch": 0.52,
      "learning_rate": 0.007039999999999999,
      "loss": 0.0392,
      "step": 162
    },
    {
      "epoch": 0.53,
      "learning_rate": 0.00688,
      "loss": 0.0395,
      "step": 164
    },
    {
      "epoch": 0.53,
      "learning_rate": 0.00672,
      "loss": 0.1413,
      "step": 166
    },
    {
      "epoch": 0.54,
      "learning_rate": 0.006560000000000001,
      "loss": 0.0201,
      "step": 168
    },
    {
      "epoch": 0.55,
      "learning_rate": 0.0064,
      "loss": 0.0331,
      "step": 170
    },
    {
      "epoch": 0.55,
      "learning_rate": 0.00624,
      "loss": 0.078,
      "step": 172
    },
    {
      "epoch": 0.56,
      "learning_rate": 0.00608,
      "loss": 0.0817,
      "step": 174
    },
    {
      "epoch": 0.57,
      "learning_rate": 0.00592,
      "loss": 0.1556,
      "step": 176
    },
    {
      "epoch": 0.57,
      "learning_rate": 0.0057599999999999995,
      "loss": 0.0744,
      "step": 178
    },
    {
      "epoch": 0.58,
      "learning_rate": 0.005600000000000001,
      "loss": 0.1062,
      "step": 180
    },
    {
      "epoch": 0.59,
      "learning_rate": 0.00544,
      "loss": 0.0366,
      "step": 182
    },
    {
      "epoch": 0.59,
      "learning_rate": 0.00528,
      "loss": 0.0872,
      "step": 184
    },
    {
      "epoch": 0.6,
      "learning_rate": 0.00512,
      "loss": 0.0337,
      "step": 186
    },
    {
      "epoch": 0.6,
      "learning_rate": 0.00496,
      "loss": 0.0837,
      "step": 188
    },
    {
      "epoch": 0.61,
      "learning_rate": 0.0048,
      "loss": 0.069,
      "step": 190
    },
    {
      "epoch": 0.62,
      "learning_rate": 0.00464,
      "loss": 0.0496,
      "step": 192
    },
    {
      "epoch": 0.62,
      "learning_rate": 0.0044800000000000005,
      "loss": 0.0466,
      "step": 194
    },
    {
      "epoch": 0.63,
      "learning_rate": 0.00432,
      "loss": 0.0275,
      "step": 196
    },
    {
      "epoch": 0.64,
      "learning_rate": 0.00416,
      "loss": 0.1578,
      "step": 198
    },
    {
      "epoch": 0.64,
      "learning_rate": 0.004,
      "loss": 0.0572,
      "step": 200
    },
    {
      "epoch": 0.65,
      "learning_rate": 0.00384,
      "loss": 0.1187,
      "step": 202
    },
    {
      "epoch": 0.66,
      "learning_rate": 0.00368,
      "loss": 0.0538,
      "step": 204
    },
    {
      "epoch": 0.66,
      "learning_rate": 0.0035199999999999997,
      "loss": 0.0406,
      "step": 206
    },
    {
      "epoch": 0.67,
      "learning_rate": 0.00336,
      "loss": 0.0789,
      "step": 208
    },
    {
      "epoch": 0.68,
      "learning_rate": 0.0032,
      "loss": 0.0966,
      "step": 210
    },
    {
      "epoch": 0.68,
      "learning_rate": 0.00304,
      "loss": 0.0276,
      "step": 212
    },
    {
      "epoch": 0.69,
      "learning_rate": 0.0028799999999999997,
      "loss": 0.0373,
      "step": 214
    },
    {
      "epoch": 0.69,
      "learning_rate": 0.00272,
      "loss": 0.0256,
      "step": 216
    },
    {
      "epoch": 0.7,
      "learning_rate": 0.00256,
      "loss": 0.0839,
      "step": 218
    },
    {
      "epoch": 0.71,
      "learning_rate": 0.0024,
      "loss": 0.049,
      "step": 220
    },
    {
      "epoch": 0.71,
      "learning_rate": 0.0022400000000000002,
      "loss": 0.0631,
      "step": 222
    },
    {
      "epoch": 0.72,
      "learning_rate": 0.00208,
      "loss": 0.0312,
      "step": 224
    },
    {
      "epoch": 0.73,
      "learning_rate": 0.00192,
      "loss": 0.1062,
      "step": 226
    },
    {
      "epoch": 0.73,
      "learning_rate": 0.0017599999999999998,
      "loss": 0.0381,
      "step": 228
    },
    {
      "epoch": 0.74,
      "learning_rate": 0.0016,
      "loss": 0.1077,
      "step": 230
    },
    {
      "epoch": 0.75,
      "learning_rate": 0.0014399999999999999,
      "loss": 0.1325,
      "step": 232
    },
    {
      "epoch": 0.75,
      "learning_rate": 0.00128,
      "loss": 0.0808,
      "step": 234
    },
    {
      "epoch": 0.76,
      "learning_rate": 0.0011200000000000001,
      "loss": 0.041,
      "step": 236
    },
    {
      "epoch": 0.77,
      "learning_rate": 0.00096,
      "loss": 0.0334,
      "step": 238
    },
    {
      "epoch": 0.77,
      "learning_rate": 0.0008,
      "loss": 0.1199,
      "step": 240
    },
    {
      "epoch": 0.78,
      "learning_rate": 0.00064,
      "loss": 0.0309,
      "step": 242
    },
    {
      "epoch": 0.79,
      "learning_rate": 0.00048,
      "loss": 0.0318,
      "step": 244
    },
    {
      "epoch": 0.79,
      "learning_rate": 0.00032,
      "loss": 0.0168,
      "step": 246
    },
    {
      "epoch": 0.8,
      "learning_rate": 0.00016,
      "loss": 0.0659,
      "step": 248
    },
    {
      "epoch": 0.8,
      "learning_rate": 0.0,
      "loss": 0.0101,
      "step": 250
    }
  ],
  "max_steps": 250,
  "num_train_epochs": 1,
  "total_flos": 5.5229752016896e+16,
  "trial_name": null,
  "trial_params": null
}
